experiment/original_batch3/contract_001.sol,contract_001.sol,mythril-0.24.8,solidity,29-08-2025,20260404_1838,1775344462,138.2597153,1,"External_Call_To_User_Supplied_Address_SWC_107,Multiple_Calls_in_a_Single_Transaction_SWC_113,State_access_after_external_call_SWC_107,Transaction_Order_Dependence_SWC_114,Unprotected_Ether_Withdrawal_SWC_105",,,,,,
experiment/original_batch3/contract_002.sol,contract_002.sol,mythril-0.24.8,solidity,29-08-2025,20260404_1838,1775331847,2.813806295,0,,,Solc experienced a fatal error,,,,
experiment/original_batch3/contract_003.sol,contract_003.sol,mythril-0.24.8,solidity,29-08-2025,20260404_1838,1775338889,610.6880035,,,,,DOCKER_TIMEOUT,,,
experiment/original_batch3/contract_004.sol,contract_004.sol,mythril-0.24.8,solidity,29-08-2025,20260404_1838,1775341159,484.7553723,1,"Dependence_on_predictable_environment_variable_SWC_116,Exception_State_SWC_110,External_Call_To_User_Supplied_Address_SWC_107,Multiple_Calls_in_a_Single_Transaction_SWC_113,State_access_after_external_call_SWC_107",,,,,,
experiment/original_batch3/contract_005.sol,contract_005.sol,mythril-0.24.8,solidity,29-08-2025,20260404_1838,1775330296,610.6494572,,,,,DOCKER_TIMEOUT,,,
experiment/original_batch3/contract_006.sol,contract_006.sol,mythril-0.24.8,solidity,29-08-2025,20260404_1838,1775334942,610.5874965,,,,,DOCKER_TIMEOUT,,,
experiment/original_batch3/contract_007.sol,contract_007.sol,mythril-0.24.8,solidity,29-08-2025,20260404_1838,1775335022,190.227849,1,Unprotected_Ether_Withdrawal_SWC_105,,,,,,
experiment/original_batch3/contract_008.sol,contract_008.sol,mythril-0.24.8,solidity,29-08-2025,20260404_1838,1775341833,610.6971416,,,,,DOCKER_TIMEOUT,,,
experiment/original_batch3/contract_009.sol,contract_009.sol,mythril-0.24.8,solidity,29-08-2025,20260404_1838,1775330870,485.9167361,1,Dependence_on_predictable_environment_variable_SWC_116,,,,,,
experiment/original_batch3/contract_010.sol,contract_010.sol,mythril-0.24.8,solidity,29-08-2025,20260404_1838,1775343946,515.6064081,1,Dependence_on_predictable_environment_variable_SWC_116,,,,,,
experiment/original_batch3/contract_011.sol,contract_011.sol,mythril-0.24.8,solidity,29-08-2025,20260404_1838,1775331850,610.7198567,,,,,DOCKER_TIMEOUT,,,
experiment/original_batch3/contract_012.sol,contract_012.sol,mythril-0.24.8,solidity,29-08-2025,20260404_1838,1775335447,491.6634901,1,"Dependence_on_predictable_environment_variable_SWC_120,Exception_State_SWC_110,External_Call_To_User_Supplied_Address_SWC_107,Multiple_Calls_in_a_Single_Transaction_SWC_113,State_access_after_external_call_SWC_107",,,,,,
experiment/original_batch3/contract_013.sol,contract_013.sol,mythril-0.24.8,solidity,29-08-2025,20260404_1838,1775328919,477.8908699,1,"Dependence_on_predictable_environment_variable_SWC_116,Transaction_Order_Dependence_SWC_114",,,,,,
experiment/original_batch3/contract_014.sol,contract_014.sol,mythril-0.24.8,solidity,29-08-2025,20260404_1838,1775328905,14.71956086,1,"Dependence_on_predictable_environment_variable_SWC_116,Exception_State_SWC_110,Integer_Arithmetic_Bugs_SWC_101,Transaction_Order_Dependence_SWC_114",,,,,,
experiment/original_batch3/contract_015.sol,contract_015.sol,mythril-0.24.8,solidity,29-08-2025,20260404_1838,1775330260,610.5940573,,,,,DOCKER_TIMEOUT,,,
experiment/original_batch3/contract_017.sol,contract_017.sol,mythril-0.24.8,solidity,29-08-2025,20260404_1838,1775336530,455.3768363,1,"Multiple_Calls_in_a_Single_Transaction_SWC_113,Transaction_Order_Dependence_SWC_114",,,,,,
experiment/original_batch3/contract_018.sol,contract_018.sol,mythril-0.24.8,solidity,29-08-2025,20260404_1838,1775328536,162.8144529,1,"Dependence_on_predictable_environment_variable_SWC_116,Exception_State_SWC_110,External_Call_To_User_Supplied_Address_SWC_107,Integer_Arithmetic_Bugs_SWC_101,Multiple_Calls_in_a_Single_Transaction_SWC_113,State_access_after_external_call_SWC_107,Transaction_Order_Dependence_SWC_114,Unprotected_Ether_Withdrawal_SWC_105",,,,,,
experiment/original_batch3/contract_019.sol,contract_019.sol,mythril-0.24.8,solidity,29-08-2025,20260404_1838,1775345028,403.4955075,0,,,,,,,
experiment/original_batch3/contract_020.sol,contract_020.sol,mythril-0.24.8,solidity,29-08-2025,20260404_1838,1775338009,66.10488009,1,"Delegatecall_to_user_supplied_address_SWC_112,External_Call_To_User_Supplied_Address_SWC_107,Multiple_Calls_in_a_Single_Transaction_SWC_113,State_access_after_external_call_SWC_107",,,,,,
experiment/original_batch3/contract_021.sol,contract_021.sol,mythril-0.24.8,solidity,29-08-2025,20260404_1838,1775341662,485.4520102,1,"Dependence_on_predictable_environment_variable_SWC_116,Integer_Arithmetic_Bugs_SWC_101,Multiple_Calls_in_a_Single_Transaction_SWC_113,Transaction_Order_Dependence_SWC_114",,,,,,
experiment/original_batch3/contract_022.sol,contract_022.sol,mythril-0.24.8,solidity,29-08-2025,20260404_1838,1775344821,487.0020459,1,"External_Call_To_User_Supplied_Address_SWC_107,Multiple_Calls_in_a_Single_Transaction_SWC_113,State_access_after_external_call_SWC_107,Unprotected_Ether_Withdrawal_SWC_105",,,,,,
experiment/original_batch3/contract_023.sol,contract_023.sol,mythril-0.24.8,solidity,29-08-2025,20260404_1838,1775327925,3.353153944,0,,,Solc experienced a fatal error,,,,
experiment/original_batch3/contract_024.sol,contract_024.sol,mythril-0.24.8,solidity,29-08-2025,20260404_1838,1775343055,484.9656467,1,"Dependence_on_predictable_environment_variable_SWC_116,Exception_State_SWC_110,Transaction_Order_Dependence_SWC_114",,,,,,
experiment/original_batch3/contract_025.sol,contract_025.sol,mythril-0.24.8,solidity,29-08-2025,20260404_1838,1775332556,485.888989,1,"Dependence_on_predictable_environment_variable_SWC_120,Integer_Arithmetic_Bugs_SWC_101",,,,,,
experiment/original_batch3/contract_026.sol,contract_026.sol,mythril-0.24.8,solidity,29-08-2025,20260404_1838,1775336038,491.7838149,1,"Exception_State_SWC_110,External_Call_To_User_Supplied_Address_SWC_107,Multiple_Calls_in_a_Single_Transaction_SWC_113,State_access_after_external_call_SWC_107",,,,,,
experiment/original_batch3/contract_027.sol,contract_027.sol,mythril-0.24.8,solidity,29-08-2025,20260404_1838,1775332625,179.2346702,1,Exception_State_SWC_110,,,,,,
experiment/original_batch3/contract_028.sol,contract_028.sol,mythril-0.24.8,solidity,29-08-2025,20260404_1838,1775346631,167.0169995,1,Exception_State_SWC_110,,,,,,
experiment/original_batch3/contract_029.sol,contract_029.sol,mythril-0.24.8,solidity,29-08-2025,20260404_1838,1775338601,610.6287498,,,,,DOCKER_TIMEOUT,,,
experiment/original_batch3/contract_030.sol,contract_030.sol,mythril-0.24.8,solidity,29-08-2025,20260404_1838,1775333199,610.6609583,,,,,DOCKER_TIMEOUT,,,
experiment/original_batch3/contract_031.sol,contract_031.sol,mythril-0.24.8,solidity,29-08-2025,20260404_1838,1775334939,2.768271446,0,,,Solc experienced a fatal error,,,,
experiment/original_batch3/contract_032.sol,contract_032.sol,mythril-0.24.8,solidity,29-08-2025,20260404_1838,1775339802,440.1065664,1,"Exception_State_SWC_110,External_Call_To_User_Supplied_Address_SWC_107,Multiple_Calls_in_a_Single_Transaction_SWC_113,State_access_after_external_call_SWC_107,Unprotected_Ether_Withdrawal_SWC_105,Unprotected_Selfdestruct_SWC_106",,,,,,
experiment/original_batch3/contract_033.sol,contract_033.sol,mythril-0.24.8,solidity,29-08-2025,20260404_1838,1775330320,483.9913509,1,Exception_State_SWC_110,,,,,,
experiment/original_batch3/contract_034.sol,contract_034.sol,mythril-0.24.8,solidity,29-08-2025,20260404_1838,1775341512,483.7034397,1,Integer_Arithmetic_Bugs_SWC_101,,,,,,
experiment/original_batch3/contract_035.sol,contract_035.sol,mythril-0.24.8,solidity,29-08-2025,20260404_1838,1775329397,495.9255295,1,"External_Call_To_User_Supplied_Address_SWC_107,Integer_Arithmetic_Bugs_SWC_101,Unchecked_return_value_from_external_call_SWC_104",,,,,,
experiment/original_batch3/contract_036.sol,contract_036.sol,mythril-0.24.8,solidity,29-08-2025,20260404_1838,1775338108,492.6651556,1,"Dependence_on_predictable_environment_variable_SWC_116,Exception_State_SWC_110,Transaction_Order_Dependence_SWC_114",,,,,,
experiment/original_batch3/contract_037.sol,contract_037.sol,mythril-0.24.8,solidity,29-08-2025,20260404_1838,1775334217,610.7115712,,,,,DOCKER_TIMEOUT,,,
experiment/original_batch3/contract_038.sol,contract_038.sol,mythril-0.24.8,solidity,29-08-2025,20260404_1838,1775330945,610.7245862,,,,,DOCKER_TIMEOUT,,,
experiment/original_batch3/contract_039.sol,contract_039.sol,mythril-0.24.8,solidity,29-08-2025,20260404_1838,1775343489,64.8219614,0,,,,,,,
experiment/original_batch3/contract_040.sol,contract_040.sol,mythril-0.24.8,solidity,29-08-2025,20260404_1838,1775342631,610.6105521,,,,,DOCKER_TIMEOUT,,,
experiment/original_batch3/contract_041.sol,contract_041.sol,mythril-0.24.8,solidity,29-08-2025,20260404_1838,1775335212,234.9773893,0,,,,,,,
experiment/original_batch3/contract_042.sol,contract_042.sol,mythril-0.24.8,solidity,29-08-2025,20260404_1838,1775330860,491.2380495,1,External_Call_To_User_Supplied_Address_SWC_107,,,,,,
experiment/original_batch3/contract_043.sol,contract_043.sol,mythril-0.24.8,solidity,29-08-2025,20260404_1838,1775333557,486.4245145,1,"Dependence_on_predictable_environment_variable_SWC_116,Integer_Arithmetic_Bugs_SWC_101",,,,,,
experiment/original_batch3/contract_044.sol,contract_044.sol,mythril-0.24.8,solidity,29-08-2025,20260404_1838,1775339687,610.7353363,,,,,DOCKER_TIMEOUT,,,
experiment/original_batch3/contract_045.sol,contract_045.sol,mythril-0.24.8,solidity,29-08-2025,20260404_1838,1775339920,12.16807938,0,,,,,,,
experiment/original_batch3/contract_046.sol,contract_046.sol,mythril-0.24.8,solidity,29-08-2025,20260404_1838,1775333248,484.8762686,1,"External_Call_To_User_Supplied_Address_SWC_107,Multiple_Calls_in_a_Single_Transaction_SWC_113,Transaction_Order_Dependence_SWC_114,Unchecked_return_value_from_external_call_SWC_104,Unprotected_Ether_Withdrawal_SWC_105",,,,,,
experiment/original_batch3/contract_047.sol,contract_047.sol,mythril-0.24.8,solidity,29-08-2025,20260404_1838,1775333167,81.47617626,1,Transaction_Order_Dependence_SWC_114,,,,,,
experiment/original_batch3/contract_048.sol,contract_048.sol,mythril-0.24.8,solidity,29-08-2025,20260404_1838,1775334532,489.7510374,0,,,,,,,
experiment/original_batch3/contract_049.sol,contract_049.sol,mythril-0.24.8,solidity,29-08-2025,20260404_1838,1775331356,523.1997645,0,,,,,,,
experiment/original_batch3/contract_050.sol,contract_050.sol,mythril-0.24.8,solidity,29-08-2025,20260404_1838,1775346435,520.1957695,1,Dependence_on_predictable_environment_variable_SWC_116,,,,,,
experiment/original_batch3/contract_051.sol,contract_051.sol,mythril-0.24.8,solidity,29-08-2025,20260404_1838,1775334043,489.1944292,1,"External_Call_To_User_Supplied_Address_SWC_107,Integer_Arithmetic_Bugs_SWC_101,State_access_after_external_call_SWC_107",,,,,,
experiment/original_batch3/contract_052.sol,contract_052.sol,mythril-0.24.8,solidity,29-08-2025,20260404_1838,1775346633,584.0269146,0,,,,,,,
experiment/original_batch3/contract_053.sol,contract_053.sol,mythril-0.24.8,solidity,29-08-2025,20260404_1838,1775340286,77.49989295,1,"Dependence_on_predictable_environment_variable_SWC_116,Exception_State_SWC_110,Integer_Arithmetic_Bugs_SWC_101,Transaction_Order_Dependence_SWC_114,Unprotected_Ether_Withdrawal_SWC_105",,,,,,
experiment/original_batch3/contract_054.sol,contract_054.sol,mythril-0.24.8,solidity,29-08-2025,20260404_1838,1775328539,491.9192126,0,,,,,,,
experiment/original_batch3/contract_055.sol,contract_055.sol,mythril-0.24.8,solidity,29-08-2025,20260404_1838,1775341831,2.872657776,0,,,Solc experienced a fatal error,,,,
experiment/original_batch3/contract_057.sol,contract_057.sol,mythril-0.24.8,solidity,29-08-2025,20260404_1838,1775329031,2.956522226,0,,,Solc experienced a fatal error,,,,
experiment/original_batch3/contract_058.sol,contract_058.sol,mythril-0.24.8,solidity,29-08-2025,20260404_1838,1775344210,610.7359605,,,,,DOCKER_TIMEOUT,,,
experiment/original_batch3/contract_059.sol,contract_059.sol,mythril-0.24.8,solidity,29-08-2025,20260404_1838,1775338096,610.6707888,,,,,DOCKER_TIMEOUT,,,
experiment/original_batch3/contract_060.sol,contract_060.sol,mythril-0.24.8,solidity,29-08-2025,20260404_1838,1775334455,484.2368996,0,,,,,,,
experiment/original_batch3/contract_061.sol,contract_061.sol,mythril-0.24.8,solidity,29-08-2025,20260404_1838,1775340952,32.2673049,0,,,,,,,
experiment/original_batch3/contract_062.sol,contract_062.sol,mythril-0.24.8,solidity,29-08-2025,20260404_1838,1775339272,495.3769727,1,"Dependence_on_predictable_environment_variable_SWC_116,External_Call_To_User_Supplied_Address_SWC_107,Multiple_Calls_in_a_Single_Transaction_SWC_113,State_access_after_external_call_SWC_107",,,,,,
experiment/original_batch3/contract_063.sol,contract_063.sol,mythril-0.24.8,solidity,29-08-2025,20260404_1838,1775338094,2.797953129,0,,,"""Traceback (most recent call last):
experiment/original_batch3/contract_064.sol,contract_064.sol,mythril-0.24.8,solidity,2025/08/29,20260404_1838,1775329645.9199839,610.7493665218353,,,,,DOCKER_TIMEOUT
experiment/original_batch3/contract_065.sol,contract_065.sol,mythril-0.24.8,solidity,2025/08/29,20260404_1838,1775340591.6303968,567.6383235454559,1,External_Call_To_User_Supplied_Address_SWC_107,,,
experiment/original_batch3/contract_066.sol,contract_066.sol,mythril-0.24.8,solidity,2025/08/29,20260404_1838,1775327928.1178734,610.6931250095367,,,,,DOCKER_TIMEOUT
experiment/original_batch3/contract_067.sol,contract_067.sol,mythril-0.24.8,solidity,2025/08/29,20260404_1838,1775337033.8185377,489.8968765735626,0,,,,
experiment/original_batch3/contract_068.sol,contract_068.sol,mythril-0.24.8,solidity,2025/08/29,20260404_1838,1775337875.1911972,17.868026971817017,1,Exception_State_SWC_110,,,
experiment/original_batch3/contract_070.sol,contract_070.sol,mythril-0.24.8,solidity,2025/08/29,20260404_1838,1775343942.8259413,610.744889497757,,,,,DOCKER_TIMEOUT
experiment/original_batch3/contract_071.sol,contract_071.sol,mythril-0.24.8,solidity,2025/08/29,20260404_1838,1775345928.5035524,91.3873200416565,1,Dependence_on_predictable_environment_variable_SWC_116",External_Call_To_User_Supplied_Address_SWC_107,Multiple_Calls_in_a_Single_Transaction_SWC_113,Transaction_Order_Dependence_SWC_114,"Unprotected_Ether_Withdrawal_SWC_105"""
experiment/original_batch3/contract_072.sol,contract_072.sol,mythril-0.24.8,solidity,29-08-2025,20260404_1838,1775332099,562.4883647,0,,,,,,,
experiment/original_batch3/contract_073.sol,contract_073.sol,mythril-0.24.8,solidity,29-08-2025,20260404_1838,1775333058,108.9579372,1,"External_Call_To_User_Supplied_Address_SWC_107,Multiple_Calls_in_a_Single_Transaction_SWC_113,State_access_after_external_call_SWC_107,Transaction_Order_Dependence_SWC_114",,,,,,
experiment/original_batch3/contract_074.sol,contract_074.sol,mythril-0.24.8,solidity,29-08-2025,20260404_1838,1775335807,521.5749855,1,"Dependence_on_predictable_environment_variable_SWC_116,Unprotected_Ether_Withdrawal_SWC_105",,,,,,
experiment/original_batch3/contract_075.sol,contract_075.sol,mythril-0.24.8,solidity,29-08-2025,20260404_1838,1775334909,610.6659019,,,,,DOCKER_TIMEOUT,,,
experiment/original_batch3/contract_076.sol,contract_076.sol,mythril-0.24.8,solidity,29-08-2025,20260404_1838,1775345038,492.2389312,1,"Dependence_on_predictable_environment_variable_SWC_116,Integer_Arithmetic_Bugs_SWC_101",,,,,,
experiment/original_batch3/contract_077.sol,contract_077.sol,mythril-0.24.8,solidity,29-08-2025,20260404_1838,1775342722,610.7312522,,,,,DOCKER_TIMEOUT,,,
experiment/original_batch3/contract_078.sol,contract_078.sol,mythril-0.24.8,solidity,29-08-2025,20260404_1838,1775335319,487.9147542,1,"Dependence_on_predictable_environment_variable_SWC_116,Integer_Arithmetic_Bugs_SWC_101,Multiple_Calls_in_a_Single_Transaction_SWC_113,Transaction_Order_Dependence_SWC_114",,,,,,
experiment/original_batch3/contract_079.sol,contract_079.sol,mythril-0.24.8,solidity,29-08-2025,20260404_1838,1775329144,12.95480061,1,"Dependence_on_predictable_environment_variable_SWC_116,Transaction_Order_Dependence_SWC_114",,,,,,
experiment/original_batch3/contract_080.sol,contract_080.sol,mythril-0.24.8,solidity,29-08-2025,20260404_1838,1775346798,14.65126657,0,,,,,,,
experiment/original_batch3/contract_081.sol,contract_081.sol,mythril-0.24.8,solidity,29-08-2025,20260404_1838,1775332369,187.8767066,1,"Exception_State_SWC_110,External_Call_To_User_Supplied_Address_SWC_107,Multiple_Calls_in_a_Single_Transaction_SWC_113,State_access_after_external_call_SWC_107,Unprotected_Ether_Withdrawal_SWC_105",,,,,,
experiment/original_batch3/contract_082.sol,contract_082.sol,mythril-0.24.8,solidity,29-08-2025,20260404_1838,1775346020,610.6929417,,,,,DOCKER_TIMEOUT,,,
experiment/original_batch3/contract_083.sol,contract_083.sol,mythril-0.24.8,solidity,29-08-2025,20260404_1838,1775341175,486.9646189,1,"Dependence_on_predictable_environment_variable_SWC_116,Multiple_Calls_in_a_Single_Transaction_SWC_113",,,,,,
experiment/original_batch3/contract_084.sol,contract_084.sol,mythril-0.24.8,solidity,29-08-2025,20260404_1838,1775336939,425.9440694,0,,,,,,,
experiment/original_batch3/contract_085.sol,contract_085.sol,mythril-0.24.8,solidity,29-08-2025,20260404_1838,1775330106,342.0977178,0,,,,,,,
experiment/original_batch3/contract_086.sol,contract_086.sol,mythril-0.24.8,solidity,29-08-2025,20260404_1838,1775329125,487.4866803,1,"Dependence_on_predictable_environment_variable_SWC_116,Multiple_Calls_in_a_Single_Transaction_SWC_113,Transaction_Order_Dependence_SWC_114",,,,,,
experiment/original_batch3/contract_087.sol,contract_087.sol,mythril-0.24.8,solidity,29-08-2025,20260404_1838,1775339500,187.3372984,1,Dependence_on_predictable_environment_variable_SWC_116,,,,,,
experiment/original_batch3/contract_088.sol,contract_088.sol,mythril-0.24.8,solidity,29-08-2025,20260404_1838,1775346023,610.6974716,,,,,DOCKER_TIMEOUT,,,
experiment/original_batch3/contract_089.sol,contract_089.sol,mythril-0.24.8,solidity,29-08-2025,20260404_1838,1775332804,610.6676176,,,,,DOCKER_TIMEOUT,,,
experiment/original_batch3/contract_090.sol,contract_090.sol,mythril-0.24.8,solidity,29-08-2025,20260404_1838,1775344530,497.787827,1,"Exception_State_SWC_110,External_Call_To_User_Supplied_Address_SWC_107,Integer_Arithmetic_Bugs_SWC_101",,,,,,
experiment/original_batch3/contract_091.sol,contract_091.sol,mythril-0.24.8,solidity,29-08-2025,20260404_1838,1775342606,387.1808488,0,,,,,,,
experiment/original_batch3/contract_092.sol,contract_092.sol,mythril-0.24.8,solidity,29-08-2025,20260404_1838,1775345821,486.8500559,1,"External_Call_To_User_Supplied_Address_SWC_107,Integer_Arithmetic_Bugs_SWC_101,Multiple_Calls_in_a_Single_Transaction_SWC_113,State_access_after_external_call_SWC_107",,,,,,
experiment/original_batch3/contract_093.sol,contract_093.sol,mythril-0.24.8,solidity,29-08-2025,20260404_1838,1775337235,610.7093675,,,,,DOCKER_TIMEOUT,,,
experiment/original_batch3/contract_095.sol,contract_095.sol,mythril-0.24.8,solidity,29-08-2025,20260404_1838,1775328706,610.7143905,,,,,DOCKER_TIMEOUT,,,
experiment/original_batch3/contract_096.sol,contract_096.sol,mythril-0.24.8,solidity,29-08-2025,20260404_1838,1775340405,610.7152116,,,,,DOCKER_TIMEOUT,,,
experiment/original_batch3/contract_097.sol,contract_097.sol,mythril-0.24.8,solidity,29-08-2025,20260404_1838,1775343540,2.777878523,0,,,Solc experienced a fatal error,,,,
experiment/original_batch3/contract_098.sol,contract_098.sol,mythril-0.24.8,solidity,29-08-2025,20260404_1838,1775333844,610.7485321,,,,,DOCKER_TIMEOUT,,,
experiment/original_batch3/contract_099.sol,contract_099.sol,mythril-0.24.8,solidity,29-08-2025,20260404_1838,1775341016,484.792567,1,"Dependence_on_predictable_environment_variable_SWC_116,Exception_State_SWC_110,External_Call_To_User_Supplied_Address_SWC_107,Multiple_Calls_in_a_Single_Transaction_SWC_113,State_access_after_external_call_SWC_107",,,,,,
experiment/original_batch3/contract_100.sol,contract_100.sol,mythril-0.24.8,solidity,29-08-2025,20260404_1838,1775339212,610.7312293,,,,,DOCKER_TIMEOUT,,,
experiment/original_batch3/contract_102.sol,contract_102.sol,mythril-0.24.8,solidity,29-08-2025,20260404_1838,1775330111,209.1620588,1,"Dependence_on_predictable_environment_variable_SWC_116,External_Call_To_User_Supplied_Address_SWC_107,Integer_Arithmetic_Bugs_SWC_101,Transaction_Order_Dependence_SWC_114,Unprotected_Ether_Withdrawal_SWC_105",,,,,,
experiment/original_batch3/contract_103.sol,contract_103.sol,mythril-0.24.8,solidity,29-08-2025,20260404_1838,1775335552,485.2476432,1,"Dependence_on_predictable_environment_variable_SWC_116,Exception_State_SWC_110,Integer_Arithmetic_Bugs_SWC_101,Multiple_Calls_in_a_Single_Transaction_SWC_113,Transaction_Order_Dependence_SWC_114",,,,,,
experiment/original_batch3/contract_104.sol,contract_104.sol,mythril-0.24.8,solidity,29-08-2025,20260404_1838,1775329612,493.8209167,0,,,,,,,
experiment/original_batch3/contract_105.sol,contract_105.sol,mythril-0.24.8,solidity,29-08-2025,20260404_1838,1775338661,610.6494248,,,,,DOCKER_TIMEOUT,,,
experiment/original_batch3/contract_106.sol,contract_106.sol,mythril-0.24.8,solidity,29-08-2025,20260404_1838,1775329037,107.4288647,1,Exception_State_SWC_110,,,,,,
experiment/original_batch3/contract_107.sol,contract_107.sol,mythril-0.24.8,solidity,29-08-2025,20260404_1838,1775345824,610.737988,,,,,DOCKER_TIMEOUT,,,
experiment/original_batch3/contract_108.sol,contract_108.sol,mythril-0.24.8,solidity,29-08-2025,20260404_1838,1775346308,515.7711937,0,,,,,,,
experiment/original_batch3/contract_109.sol,contract_109.sol,mythril-0.24.8,solidity,29-08-2025,20260404_1838,1775335939,610.6721876,,,,,DOCKER_TIMEOUT,,,
experiment/original_batch3/contract_111.sol,contract_111.sol,mythril-0.24.8,solidity,29-08-2025,20260404_1838,1775344554,484.5530326,1,"Dependence_on_predictable_environment_variable_SWC_116,Exception_State_SWC_110,Strict_Ether_balance_check_SWC_132",,,,,,
experiment/original_batch3/contract_112.sol,contract_112.sol,mythril-0.24.8,solidity,29-08-2025,20260404_1838,1775330257,2.857774973,0,,,Solc experienced a fatal error,,,,
experiment/original_batch3/contract_113.sol,contract_113.sol,mythril-0.24.8,solidity,29-08-2025,20260404_1838,1775330804,56.46275234,139,,,,DOCKER_SEGV,,,
experiment/original_batch3/contract_114.sol,contract_114.sol,mythril-0.24.8,solidity,29-08-2025,20260404_1838,1775345431,497.0571728,1,Unprotected_Selfdestruct_SWC_106,,,,,,
experiment/original_batch3/contract_115.sol,contract_115.sol,mythril-0.24.8,solidity,29-08-2025,20260404_1838,1775331879,465.7897062,1,Dependence_on_predictable_environment_variable_SWC_116,,,,,,
experiment/original_batch3/contract_116.sol,contract_116.sol,mythril-0.24.8,solidity,29-08-2025,20260404_1838,1775341471,41.14673996,1,Unprotected_Ether_Withdrawal_SWC_105,,,,,,
experiment/original_batch3/contract_117.sol,contract_117.sol,mythril-0.24.8,solidity,29-08-2025,20260404_1838,1775332128,493.3099935,1,"Dependence_on_predictable_environment_variable_SWC_116,External_Call_To_User_Supplied_Address_SWC_107,Unprotected_Ether_Withdrawal_SWC_105",,,,,,
experiment/original_batch3/contract_118.sol,contract_118.sol,mythril-0.24.8,solidity,29-08-2025,20260404_1838,1775346812,536.559597,1,External_Call_To_User_Supplied_Address_SWC_107,,,,,,
experiment/original_batch3/contract_119.sol,contract_119.sol,mythril-0.24.8,solidity,29-08-2025,20260404_1838,1775330907,610.7213466,,,,,DOCKER_TIMEOUT,,,
experiment/original_batch3/contract_120.sol,contract_120.sol,mythril-0.24.8,solidity,29-08-2025,20260404_1838,1775340298,293.608731,1,"Exception_State_SWC_110,Transaction_Order_Dependence_SWC_114,Unprotected_Ether_Withdrawal_SWC_105",,,,,,
experiment/original_batch3/contract_121.sol,contract_121.sol,mythril-0.24.8,solidity,29-08-2025,20260404_1838,1775335519,610.5709858,,,,,DOCKER_TIMEOUT,,,
experiment/original_batch3/contract_122.sol,contract_122.sol,mythril-0.24.8,solidity,29-08-2025,20260404_1838,1775337365,6.070092916,0,,,,,,,
experiment/original_batch3/contract_123.sol,contract_123.sol,mythril-0.24.8,solidity,29-08-2025,20260404_1838,1775339822,582.4320762,1,External_Call_To_User_Supplied_Address_SWC_107,,,,,,
experiment/original_batch3/contract_124.sol,contract_124.sol,mythril-0.24.8,solidity,29-08-2025,20260404_1838,1775336329,610.8004136,,,,,DOCKER_TIMEOUT,,,
experiment/original_batch3/contract_125.sol,contract_125.sol,mythril-0.24.8,solidity,29-08-2025,20260404_1838,1775338395,494.1048725,0,,,,,,,
experiment/original_batch3/contract_126.sol,contract_126.sol,mythril-0.24.8,solidity,29-08-2025,20260404_1838,1775328024,609.2597828,,,,,DOCKER_TIMEOUT,,,
experiment/original_batch3/contract_127.sol,contract_127.sol,mythril-0.24.8,solidity,29-08-2025,20260404_1838,1775333810,610.7117727,,,,,DOCKER_TIMEOUT,,,
experiment/original_batch3/contract_128.sol,contract_128.sol,mythril-0.24.8,solidity,29-08-2025,20260404_1838,1775331593,505.9902499,1,"Dependence_on_predictable_environment_variable_SWC_120,Exception_State_SWC_110,External_Call_To_User_Supplied_Address_SWC_107,State_access_after_external_call_SWC_107",,,,,,
experiment/original_batch3/contract_129.sol,contract_129.sol,mythril-0.24.8,solidity,29-08-2025,20260404_1838,1775342147,483.605844,1,Exception_State_SWC_110,,,,,,
experiment/original_batch3/contract_130.sol,contract_130.sol,mythril-0.24.8,solidity,29-08-2025,20260404_1838,1775328411,494.0119071,1,"Dependence_on_predictable_environment_variable_SWC_116,Integer_Arithmetic_Bugs_SWC_101",,,,,,
experiment/original_batch3/contract_131.sol,contract_131.sol,mythril-0.24.8,solidity,29-08-2025,20260404_1838,1775332461,485.2151749,1,"Dependence_on_predictable_environment_variable_SWC_116,Integer_Arithmetic_Bugs_SWC_101",,,,,,
experiment/original_batch3/contract_132.sol,contract_132.sol,mythril-0.24.8,solidity,29-08-2025,20260404_1838,1775341996,610.6295919,,,,,DOCKER_TIMEOUT,,,
experiment/original_batch3/contract_133.sol,contract_133.sol,mythril-0.24.8,solidity,29-08-2025,20260404_1838,1775331555,37.29548573,1,"Dependence_on_tx_origin_SWC_115,Exception_State_SWC_110",,,,,,
experiment/original_batch3/contract_134.sol,contract_134.sol,mythril-0.24.8,solidity,29-08-2025,20260404_1838,1775329034,2.843179226,0,,,Solc experienced a fatal error,,,,
experiment/original_batch3/contract_135.sol,contract_135.sol,mythril-0.24.8,solidity,29-08-2025,20260404_1838,1775336985,610.6392908,,,,,DOCKER_TIMEOUT,,,
experiment/original_batch3/contract_136.sol,contract_136.sol,mythril-0.24.8,solidity,29-08-2025,20260404_1838,1775330448,496.3227711,1,External_Call_To_User_Supplied_Address_SWC_107,,,,,,
experiment/original_batch3/contract_137.sol,contract_137.sol,mythril-0.24.8,solidity,29-08-2025,20260404_1838,1775329316,3.714119673,0,,,,,,,
experiment/original_batch3/contract_138.sol,contract_138.sol,mythril-0.24.8,solidity,29-08-2025,20260404_1838,1775344523,2.831843853,0,,,Solc experienced a fatal error,,,,
experiment/original_batch3/contract_139.sol,contract_139.sol,mythril-0.24.8,solidity,29-08-2025,20260404_1838,1775334828,491.1426854,1,"Dependence_on_predictable_environment_variable_SWC_116,Exception_State_SWC_110",,,,,,
experiment/original_batch3/contract_140.sol,contract_140.sol,mythril-0.24.8,solidity,29-08-2025,20260404_1838,1775333733,484.0343215,1,Exception_State_SWC_110,,,,,,
experiment/original_batch3/contract_141.sol,contract_141.sol,mythril-0.24.8,solidity,29-08-2025,20260404_1838,1775337953,97.06893373,1,"External_Call_To_User_Supplied_Address_SWC_107,Unprotected_Ether_Withdrawal_SWC_105",,,,,,
experiment/original_batch3/contract_142.sol,contract_142.sol,mythril-0.24.8,solidity,29-08-2025,20260404_1838,1775333159,40.42449999,1,Dependence_on_predictable_environment_variable_SWC_116,,,,,,
experiment/original_batch3/contract_143.sol,contract_143.sol,mythril-0.24.8,solidity,29-08-2025,20260404_1838,1775345211,610.7115366,,,,,DOCKER_TIMEOUT,,,
experiment/original_batch3/contract_144.sol,contract_144.sol,mythril-0.24.8,solidity,29-08-2025,20260404_1838,1775332946,610.6858783,,,,,DOCKER_TIMEOUT,,,
experiment/original_batch3/contract_145.sol,contract_145.sol,mythril-0.24.8,solidity,29-08-2025,20260404_1838,1775336550,484.1887376,1,"Exception_State_SWC_110,Integer_Arithmetic_Bugs_SWC_101",,,,,,
experiment/original_batch3/contract_146.sol,contract_146.sol,mythril-0.24.8,solidity,29-08-2025,20260404_1838,1775337371,503.8659251,1,"Dependence_on_predictable_environment_variable_SWC_120,Exception_State_SWC_110,External_Call_To_User_Supplied_Address_SWC_107,State_access_after_external_call_SWC_107",,,,,,
experiment/original_batch3/contract_147.sol,contract_147.sol,mythril-0.24.8,solidity,29-08-2025,20260404_1838,1775340364,588.1914692,1,Integer_Arithmetic_Bugs_SWC_101,,,,,,
experiment/original_batch3/contract_148.sol,contract_148.sol,mythril-0.24.8,solidity,29-08-2025,20260404_1838,1775333042,15.4595952,0,,,,,,,
experiment/original_batch3/contract_149.sol,contract_149.sol,mythril-0.24.8,solidity,29-08-2025,20260404_1838,1775332622,2.82034111,0,,,Solc experienced a fatal error,,,,
experiment/original_batch3/contract_150.sol,contract_150.sol,mythril-0.24.8,solidity,29-08-2025,20260404_1838,1775340564,610.6976862,,,,,DOCKER_TIMEOUT,,,
experiment/original_batch3/contract_151.sol,contract_151.sol,mythril-0.24.8,solidity,29-08-2025,20260404_1838,1775337893,60.15964866,1,"Exception_State_SWC_110,Transaction_Order_Dependence_SWC_114,Unprotected_Ether_Withdrawal_SWC_105",,,,,,
experiment/original_batch3/contract_152.sol,contract_152.sol,mythril-0.24.8,solidity,29-08-2025,20260404_1838,1775332661,498.0491278,1,Exception_State_SWC_110,,,,,,
experiment/original_batch3/contract_153.sol,contract_153.sol,mythril-0.24.8,solidity,29-08-2025,20260404_1838,1775344028,495.0108194,0,,,,,,,
experiment/original_batch3/contract_154.sol,contract_154.sol,mythril-0.24.8,solidity,29-08-2025,20260404_1838,1775345308,515.9159234,0,,,,,,,
experiment/original_batch3/contract_155.sol,contract_155.sol,mythril-0.24.8,solidity,29-08-2025,20260404_1838,1775328633,491.8914168,1,"Exception_State_SWC_110,External_Call_To_User_Supplied_Address_SWC_107,Multiple_Calls_in_a_Single_Transaction_SWC_113,State_access_after_external_call_SWC_107",,,,,,
experiment/original_batch3/contract_156.sol,contract_156.sol,mythril-0.24.8,solidity,29-08-2025,20260404_1838,1775327925,485.853581,1,"Dependence_on_predictable_environment_variable_SWC_120,Integer_Arithmetic_Bugs_SWC_101",,,,,,
experiment/original_batch3/contract_157.sol,contract_157.sol,mythril-0.24.8,solidity,29-08-2025,20260404_1838,1775343943,2.923022032,0,,,Solc experienced a fatal error,,,,
experiment/original_batch3/contract_158.sol,contract_158.sol,mythril-0.24.8,solidity,29-08-2025,20260404_1838,1775343242,484.82093,1,"Dependence_on_predictable_environment_variable_SWC_116,Exception_State_SWC_110,External_Call_To_User_Supplied_Address_SWC_107,Integer_Arithmetic_Bugs_SWC_101",,,,,,
experiment/original_batch3/contract_159.sol,contract_159.sol,mythril-0.24.8,solidity,29-08-2025,20260404_1838,1775327925,98.85698652,0,,,,,,,
experiment/original_batch3/contract_160.sol,contract_160.sol,mythril-0.24.8,solidity,29-08-2025,20260404_1838,1775340984,486.5747702,1,"External_Call_To_User_Supplied_Address_SWC_107,Multiple_Calls_in_a_Single_Transaction_SWC_113,State_access_after_external_call_SWC_107,Unprotected_Ether_Withdrawal_SWC_105",,,,,,
experiment/original_batch3/contract_161.sol,contract_161.sol,mythril-0.24.8,solidity,29-08-2025,20260404_1838,1775340242,43.92103171,1,"Dependence_on_predictable_environment_variable_SWC_116,Unprotected_Ether_Withdrawal_SWC_105",,,,,,
experiment/original_batch3/contract_162.sol,contract_162.sol,mythril-0.24.8,solidity,29-08-2025,20260404_1838,1775336130,493.9810634,1,External_Call_To_User_Supplied_Address_SWC_107,,,,,,
experiment/original_batch3/contract_163.sol,contract_163.sol,mythril-0.24.8,solidity,29-08-2025,20260404_1838,1775339191,610.6675618,,,,,DOCKER_TIMEOUT,,,
experiment/original_batch3/contract_164.sol,contract_164.sol,mythril-0.24.8,solidity,29-08-2025,20260404_1838,1775343726,484.0145681,1,Dependence_on_predictable_environment_variable_SWC_120,,,,,,
experiment/original_batch3/contract_165.sol,contract_165.sol,mythril-0.24.8,solidity,29-08-2025,20260404_1838,1775341644,186.481832,1,"Multiple_Calls_in_a_Single_Transaction_SWC_113,Transaction_Order_Dependence_SWC_114,Unprotected_Ether_Withdrawal_SWC_105",,,,,,
experiment/original_batch3/contract_166.sol,contract_166.sol,mythril-0.24.8,solidity,29-08-2025,20260404_1838,1775333415,429.6460803,0,,,,,,,
experiment/original_batch3/contract_168.sol,contract_168.sol,mythril-0.24.8,solidity,29-08-2025,20260404_1838,1775343543,485.2962751,1,"Exception_State_SWC_110,Transaction_Order_Dependence_SWC_114",,,,,,
experiment/original_batch3/contract_171.sol,contract_171.sol,mythril-0.24.8,solidity,29-08-2025,20260404_1838,1775329157,489.0023661,1,Exception_State_SWC_110,,,,,,
experiment/original_batch3/contract_172.sol,contract_172.sol,mythril-0.24.8,solidity,29-08-2025,20260404_1838,1775331518,610.7259324,,,,,DOCKER_TIMEOUT,,,
experiment/original_batch3/contract_173.sol,contract_173.sol,mythril-0.24.8,solidity,29-08-2025,20260404_1838,1775339767,152.8542721,1,"External_Call_To_User_Supplied_Address_SWC_107,Transaction_Order_Dependence_SWC_114",,,,,,
experiment/original_batch3/contract_174.sol,contract_174.sol,mythril-0.24.8,solidity,29-08-2025,20260404_1838,1775340543,21.40948892,1,Strict_Ether_balance_check_SWC_132,,,,,,
experiment/original_batch3/contract_175.sol,contract_175.sol,mythril-0.24.8,solidity,29-08-2025,20260404_1838,1775338076,32.83123827,1,Exception_State_SWC_110,,,,,,
experiment/original_batch3/contract_176.sol,contract_176.sol,mythril-0.24.8,solidity,29-08-2025,20260404_1838,1775341500,610.7304096,,,,,DOCKER_TIMEOUT,,,
experiment/original_batch3/contract_177.sol,contract_177.sol,mythril-0.24.8,solidity,29-08-2025,20260404_1838,1775343333,610.7107556,,,,,DOCKER_TIMEOUT,,,
experiment/original_batch3/contract_178.sol,contract_178.sol,mythril-0.24.8,solidity,29-08-2025,20260404_1838,1775329320,485.6166663,1,"Dependence_on_predictable_environment_variable_SWC_120,External_Call_To_User_Supplied_Address_SWC_107,State_access_after_external_call_SWC_107",,,,,,
experiment/original_batch3/contract_179.sol,contract_179.sol,mythril-0.24.8,solidity,29-08-2025,20260404_1838,1775343554,388.7856474,0,,,,,,,
experiment/original_batch3/contract_180.sol,contract_180.sol,mythril-0.24.8,solidity,29-08-2025,20260404_1838,1775344526,4.488373756,0,,,,,,,
experiment/original_batch3/contract_181.sol,contract_181.sol,mythril-0.24.8,solidity,29-08-2025,20260404_1838,1775334906,2.905903578,0,,,Solc experienced a fatal error,,,,
experiment/original_batch3/contract_182.sol,contract_182.sol,mythril-0.24.8,solidity,29-08-2025,20260404_1838,1775342111,610.6533482,,,,,DOCKER_TIMEOUT,,,
experiment/original_batch3/contract_183.sol,contract_183.sol,mythril-0.24.8,solidity,29-08-2025,20260404_1838,1775339932,610.7604597,,,,,DOCKER_TIMEOUT,,,
experiment/original_batch3/contract_184.sol,contract_184.sol,mythril-0.24.8,solidity,29-08-2025,20260404_1838,1775337524,485.7751689,0,,,,,,,
experiment/original_batch3/contract_185.sol,contract_185.sol,mythril-0.24.8,solidity,29-08-2025,20260404_1838,1775342444,610.7086778,,,,,DOCKER_TIMEOUT,,,
experiment/original_batch3/contract_186.sol,contract_186.sol,mythril-0.24.8,solidity,29-08-2025,20260404_1838,1775332345,23.55678034,1,External_Call_To_User_Supplied_Address_SWC_107,,,,,,
experiment/original_batch3/contract_187.sol,contract_187.sol,mythril-0.24.8,solidity,29-08-2025,20260404_1838,1775329806,490.577585,1,"Dependence_on_predictable_environment_variable_SWC_116,Integer_Arithmetic_Bugs_SWC_101",,,,,,
experiment/original_batch3/contract_188.sol,contract_188.sol,mythril-0.24.8,solidity,29-08-2025,20260404_1838,1775342993,495.8194067,1,"Dependence_on_predictable_environment_variable_SWC_120,Exception_State_SWC_110,External_Call_To_User_Supplied_Address_SWC_107,State_access_after_external_call_SWC_107",,,,,,
experiment/original_batch3/contract_189.sol,contract_189.sol,mythril-0.24.8,solidity,29-08-2025,20260404_1838,1775336624,610.7192979,,,,,DOCKER_TIMEOUT,,,
experiment/original_batch3/contract_190.sol,contract_190.sol,mythril-0.24.8,solidity,29-08-2025,20260404_1838,1775345530,492.3615088,0,,,,,,,
experiment/original_batch3/contract_191.sol,contract_191.sol,mythril-0.24.8,solidity,29-08-2025,20260404_1838,1775331351,495.866946,0,,,,,,,
experiment/original_batch3/contract_192.sol,contract_192.sol,mythril-0.24.8,solidity,29-08-2025,20260404_1838,1775328698,7.347924709,0,,,,,,,
experiment/original_batch3/contract_193.sol,contract_193.sol,mythril-0.24.8,solidity,29-08-2025,20260404_1838,1775329893,217.3855906,1,Dependence_on_predictable_environment_variable_SWC_116,,,,,,
experiment/original_batch3/contract_194.sol,contract_194.sol,mythril-0.24.8,solidity,29-08-2025,20260404_1838,1775338707,484.4900239,1,"Dependence_on_predictable_environment_variable_SWC_116,Unprotected_Selfdestruct_SWC_106",,,,,,
experiment/original_batch3/contract_195.sol,contract_195.sol,mythril-0.24.8,solidity,29-08-2025,20260404_1838,1775334421,484.8212261,1,Dependence_on_predictable_environment_variable_SWC_116,,,,,,
experiment/original_batch3/contract_196.sol,contract_196.sol,mythril-0.24.8,solidity,29-08-2025,20260404_1838,1775344600,610.6681399,,,,,DOCKER_TIMEOUT,,,
experiment/original_batch3/contract_197.sol,contract_197.sol,mythril-0.24.8,solidity,29-08-2025,20260404_1838,1775337596,497.9935527,1,"Exception_State_SWC_110,External_Call_To_User_Supplied_Address_SWC_107,Integer_Arithmetic_Bugs_SWC_101",,,,,,
experiment/original_batch3/contract_198.sol,contract_198.sol,mythril-0.24.8,solidity,29-08-2025,20260404_1838,1775337845,549.9228561,1,"Exception_State_SWC_110,External_Call_To_User_Supplied_Address_SWC_107,Multiple_Calls_in_a_Single_Transaction_SWC_113,State_access_after_external_call_SWC_107",,,,,,
experiment/original_batch3/contract_199.sol,contract_199.sol,mythril-0.24.8,solidity,29-08-2025,20260404_1838,1775338050,610.785707,,,,,DOCKER_TIMEOUT,,,
experiment/original_batch3/contract_200.sol,contract_200.sol,mythril-0.24.8,solidity,29-08-2025,20260404_1838,1775327925,610.8189359,,,,,DOCKER_TIMEOUT,,,
,,,,,,,,,,,,,,,
,,,,,,,,,,,,,,,
,,,,,,,,,,,,,,,
,,,,,,,,,,,,,,,
,,,,,,,,,,,,,,,
,,,,,,,,,,,,,,,
,,,,,,,,,,,,,,,
,,,,,,,,,,,,,,,
,,,,,,,,,,,,,,,
